n,sample_index,model,final_relation_identical,growth_history_signature_identical,birth_order_identical,x_ranks_identical,y_ranks_identical,rank_mark_identical,independent_mark_identical_under_coupling
64,0,power_anisotropic,True,True,True,True,True,True,True
64,0,beta_skew,True,True,True,True,True,True,True
64,1,power_anisotropic,True,True,True,True,True,True,True
64,1,beta_skew,True,True,True,True,True,True,True
64,2,power_anisotropic,True,True,True,True,True,True,True
64,2,beta_skew,True,True,True,True,True,True,True
64,3,power_anisotropic,True,True,True,True,True,True,True
64,3,beta_skew,True,True,True,True,True,True,True
64,4,power_anisotropic,True,True,True,True,True,True,True
64,4,beta_skew,True,True,True,True,True,True,True
64,5,power_anisotropic,True,True,True,True,True,True,True
64,5,beta_skew,True,True,True,True,True,True,True
64,6,power_anisotropic,True,True,True,True,True,True,True
64,6,beta_skew,True,True,True,True,True,True,True
64,7,power_anisotropic,True,True,True,True,True,True,True
64,7,beta_skew,True,True,True,True,True,True,True
64,8,power_anisotropic,True,True,True,True,True,True,True
64,8,beta_skew,True,True,True,True,True,True,True
64,9,power_anisotropic,True,True,True,True,True,True,True
64,9,beta_skew,True,True,True,True,True,True,True
64,10,power_anisotropic,True,True,True,True,True,True,True
64,10,beta_skew,True,True,True,True,True,True,True
64,11,power_anisotropic,True,True,True,True,True,True,True
64,11,beta_skew,True,True,True,True,True,True,True
64,12,power_anisotropic,True,True,True,True,True,True,True
64,12,beta_skew,True,True,True,True,True,True,True
64,13,power_anisotropic,True,True,True,True,True,True,True
64,13,beta_skew,True,True,True,True,True,True,True
64,14,power_anisotropic,True,True,True,True,True,True,True
64,14,beta_skew,True,True,True,True,True,True,True
64,15,power_anisotropic,True,True,True,True,True,True,True
64,15,beta_skew,True,True,True,True,True,True,True
64,16,power_anisotropic,True,True,True,True,True,True,True
64,16,beta_skew,True,True,True,True,True,True,True
64,17,power_anisotropic,True,True,True,True,True,True,True
64,17,beta_skew,True,True,True,True,True,True,True
64,18,power_anisotropic,True,True,True,True,True,True,True
64,18,beta_skew,True,True,True,True,True,True,True
64,19,power_anisotropic,True,True,True,True,True,True,True
64,19,beta_skew,True,True,True,True,True,True,True
64,20,power_anisotropic,True,True,True,True,True,True,True
64,20,beta_skew,True,True,True,True,True,True,True
64,21,power_anisotropic,True,True,True,True,True,True,True
64,21,beta_skew,True,True,True,True,True,True,True
64,22,power_anisotropic,True,True,True,True,True,True,True
64,22,beta_skew,True,True,True,True,True,True,True
64,23,power_anisotropic,True,True,True,True,True,True,True
64,23,beta_skew,True,True,True,True,True,True,True
64,24,power_anisotropic,True,True,True,True,True,True,True
64,24,beta_skew,True,True,True,True,True,True,True
64,25,power_anisotropic,True,True,True,True,True,True,True
64,25,beta_skew,True,True,True,True,True,True,True
64,26,power_anisotropic,True,True,True,True,True,True,True
64,26,beta_skew,True,True,True,True,True,True,True
64,27,power_anisotropic,True,True,True,True,True,True,True
64,27,beta_skew,True,True,True,True,True,True,True
64,28,power_anisotropic,True,True,True,True,True,True,True
64,28,beta_skew,True,True,True,True,True,True,True
64,29,power_anisotropic,True,True,True,True,True,True,True
64,29,beta_skew,True,True,True,True,True,True,True
64,30,power_anisotropic,True,True,True,True,True,True,True
64,30,beta_skew,True,True,True,True,True,True,True
64,31,power_anisotropic,True,True,True,True,True,True,True
64,31,beta_skew,True,True,True,True,True,True,True
64,32,power_anisotropic,True,True,True,True,True,True,True
64,32,beta_skew,True,True,True,True,True,True,True
64,33,power_anisotropic,True,True,True,True,True,True,True
64,33,beta_skew,True,True,True,True,True,True,True
64,34,power_anisotropic,True,True,True,True,True,True,True
64,34,beta_skew,True,True,True,True,True,True,True
64,35,power_anisotropic,True,True,True,True,True,True,True
64,35,beta_skew,True,True,True,True,True,True,True
64,36,power_anisotropic,True,True,True,True,True,True,True
64,36,beta_skew,True,True,True,True,True,True,True
64,37,power_anisotropic,True,True,True,True,True,True,True
64,37,beta_skew,True,True,True,True,True,True,True
64,38,power_anisotropic,True,True,True,True,True,True,True
64,38,beta_skew,True,True,True,True,True,True,True
64,39,power_anisotropic,True,True,True,True,True,True,True
64,39,beta_skew,True,True,True,True,True,True,True
64,40,power_anisotropic,True,True,True,True,True,True,True
64,40,beta_skew,True,True,True,True,True,True,True
64,41,power_anisotropic,True,True,True,True,True,True,True
64,41,beta_skew,True,True,True,True,True,True,True
64,42,power_anisotropic,True,True,True,True,True,True,True
64,42,beta_skew,True,True,True,True,True,True,True
64,43,power_anisotropic,True,True,True,True,True,True,True
64,43,beta_skew,True,True,True,True,True,True,True
64,44,power_anisotropic,True,True,True,True,True,True,True
64,44,beta_skew,True,True,True,True,True,True,True
64,45,power_anisotropic,True,True,True,True,True,True,True
64,45,beta_skew,True,True,True,True,True,True,True
64,46,power_anisotropic,True,True,True,True,True,True,True
64,46,beta_skew,True,True,True,True,True,True,True
64,47,power_anisotropic,True,True,True,True,True,True,True
64,47,beta_skew,True,True,True,True,True,True,True
64,48,power_anisotropic,True,True,True,True,True,True,True
64,48,beta_skew,True,True,True,True,True,True,True
64,49,power_anisotropic,True,True,True,True,True,True,True
64,49,beta_skew,True,True,True,True,True,True,True
64,50,power_anisotropic,True,True,True,True,True,True,True
64,50,beta_skew,True,True,True,True,True,True,True
64,51,power_anisotropic,True,True,True,True,True,True,True
64,51,beta_skew,True,True,True,True,True,True,True
64,52,power_anisotropic,True,True,True,True,True,True,True
64,52,beta_skew,True,True,True,True,True,True,True
64,53,power_anisotropic,True,True,True,True,True,True,True
64,53,beta_skew,True,True,True,True,True,True,True
64,54,power_anisotropic,True,True,True,True,True,True,True
64,54,beta_skew,True,True,True,True,True,True,True
64,55,power_anisotropic,True,True,True,True,True,True,True
64,55,beta_skew,True,True,True,True,True,True,True
64,56,power_anisotropic,True,True,True,True,True,True,True
64,56,beta_skew,True,True,True,True,True,True,True
64,57,power_anisotropic,True,True,True,True,True,True,True
64,57,beta_skew,True,True,True,True,True,True,True
64,58,power_anisotropic,True,True,True,True,True,True,True
64,58,beta_skew,True,True,True,True,True,True,True
64,59,power_anisotropic,True,True,True,True,True,True,True
64,59,beta_skew,True,True,True,True,True,True,True
64,60,power_anisotropic,True,True,True,True,True,True,True
64,60,beta_skew,True,True,True,True,True,True,True
64,61,power_anisotropic,True,True,True,True,True,True,True
64,61,beta_skew,True,True,True,True,True,True,True
64,62,power_anisotropic,True,True,True,True,True,True,True
64,62,beta_skew,True,True,True,True,True,True,True
64,63,power_anisotropic,True,True,True,True,True,True,True
64,63,beta_skew,True,True,True,True,True,True,True
64,64,power_anisotropic,True,True,True,True,True,True,True
64,64,beta_skew,True,True,True,True,True,True,True
64,65,power_anisotropic,True,True,True,True,True,True,True
64,65,beta_skew,True,True,True,True,True,True,True
64,66,power_anisotropic,True,True,True,True,True,True,True
64,66,beta_skew,True,True,True,True,True,True,True
64,67,power_anisotropic,True,True,True,True,True,True,True
64,67,beta_skew,True,True,True,True,True,True,True
64,68,power_anisotropic,True,True,True,True,True,True,True
64,68,beta_skew,True,True,True,True,True,True,True
64,69,power_anisotropic,True,True,True,True,True,True,True
64,69,beta_skew,True,True,True,True,True,True,True
64,70,power_anisotropic,True,True,True,True,True,True,True
64,70,beta_skew,True,True,True,True,True,True,True
64,71,power_anisotropic,True,True,True,True,True,True,True
64,71,beta_skew,True,True,True,True,True,True,True
64,72,power_anisotropic,True,True,True,True,True,True,True
64,72,beta_skew,True,True,True,True,True,True,True
64,73,power_anisotropic,True,True,True,True,True,True,True
64,73,beta_skew,True,True,True,True,True,True,True
64,74,power_anisotropic,True,True,True,True,True,True,True
64,74,beta_skew,True,True,True,True,True,True,True
64,75,power_anisotropic,True,True,True,True,True,True,True
64,75,beta_skew,True,True,True,True,True,True,True
64,76,power_anisotropic,True,True,True,True,True,True,True
64,76,beta_skew,True,True,True,True,True,True,True
64,77,power_anisotropic,True,True,True,True,True,True,True
64,77,beta_skew,True,True,True,True,True,True,True
64,78,power_anisotropic,True,True,True,True,True,True,True
64,78,beta_skew,True,True,True,True,True,True,True
64,79,power_anisotropic,True,True,True,True,True,True,True
64,79,beta_skew,True,True,True,True,True,True,True
64,80,power_anisotropic,True,True,True,True,True,True,True
64,80,beta_skew,True,True,True,True,True,True,True
64,81,power_anisotropic,True,True,True,True,True,True,True
64,81,beta_skew,True,True,True,True,True,True,True
64,82,power_anisotropic,True,True,True,True,True,True,True
64,82,beta_skew,True,True,True,True,True,True,True
64,83,power_anisotropic,True,True,True,True,True,True,True
64,83,beta_skew,True,True,True,True,True,True,True
64,84,power_anisotropic,True,True,True,True,True,True,True
64,84,beta_skew,True,True,True,True,True,True,True
64,85,power_anisotropic,True,True,True,True,True,True,True
64,85,beta_skew,True,True,True,True,True,True,True
64,86,power_anisotropic,True,True,True,True,True,True,True
64,86,beta_skew,True,True,True,True,True,True,True
64,87,power_anisotropic,True,True,True,True,True,True,True
64,87,beta_skew,True,True,True,True,True,True,True
64,88,power_anisotropic,True,True,True,True,True,True,True
64,88,beta_skew,True,True,True,True,True,True,True
64,89,power_anisotropic,True,True,True,True,True,True,True
64,89,beta_skew,True,True,True,True,True,True,True
64,90,power_anisotropic,True,True,True,True,True,True,True
64,90,beta_skew,True,True,True,True,True,True,True
64,91,power_anisotropic,True,True,True,True,True,True,True
64,91,beta_skew,True,True,True,True,True,True,True
64,92,power_anisotropic,True,True,True,True,True,True,True
64,92,beta_skew,True,True,True,True,True,True,True
64,93,power_anisotropic,True,True,True,True,True,True,True
64,93,beta_skew,True,True,True,True,True,True,True
64,94,power_anisotropic,True,True,True,True,True,True,True
64,94,beta_skew,True,True,True,True,True,True,True
64,95,power_anisotropic,True,True,True,True,True,True,True
64,95,beta_skew,True,True,True,True,True,True,True
64,96,power_anisotropic,True,True,True,True,True,True,True
64,96,beta_skew,True,True,True,True,True,True,True
64,97,power_anisotropic,True,True,True,True,True,True,True
64,97,beta_skew,True,True,True,True,True,True,True
64,98,power_anisotropic,True,True,True,True,True,True,True
64,98,beta_skew,True,True,True,True,True,True,True
64,99,power_anisotropic,True,True,True,True,True,True,True
64,99,beta_skew,True,True,True,True,True,True,True
64,100,power_anisotropic,True,True,True,True,True,True,True
64,100,beta_skew,True,True,True,True,True,True,True
64,101,power_anisotropic,True,True,True,True,True,True,True
64,101,beta_skew,True,True,True,True,True,True,True
64,102,power_anisotropic,True,True,True,True,True,True,True
64,102,beta_skew,True,True,True,True,True,True,True
64,103,power_anisotropic,True,True,True,True,True,True,True
64,103,beta_skew,True,True,True,True,True,True,True
64,104,power_anisotropic,True,True,True,True,True,True,True
64,104,beta_skew,True,True,True,True,True,True,True
64,105,power_anisotropic,True,True,True,True,True,True,True
64,105,beta_skew,True,True,True,True,True,True,True
64,106,power_anisotropic,True,True,True,True,True,True,True
64,106,beta_skew,True,True,True,True,True,True,True
64,107,power_anisotropic,True,True,True,True,True,True,True
64,107,beta_skew,True,True,True,True,True,True,True
64,108,power_anisotropic,True,True,True,True,True,True,True
64,108,beta_skew,True,True,True,True,True,True,True
64,109,power_anisotropic,True,True,True,True,True,True,True
64,109,beta_skew,True,True,True,True,True,True,True
64,110,power_anisotropic,True,True,True,True,True,True,True
64,110,beta_skew,True,True,True,True,True,True,True
64,111,power_anisotropic,True,True,True,True,True,True,True
64,111,beta_skew,True,True,True,True,True,True,True
64,112,power_anisotropic,True,True,True,True,True,True,True
64,112,beta_skew,True,True,True,True,True,True,True
64,113,power_anisotropic,True,True,True,True,True,True,True
64,113,beta_skew,True,True,True,True,True,True,True
64,114,power_anisotropic,True,True,True,True,True,True,True
64,114,beta_skew,True,True,True,True,True,True,True
64,115,power_anisotropic,True,True,True,True,True,True,True
64,115,beta_skew,True,True,True,True,True,True,True
64,116,power_anisotropic,True,True,True,True,True,True,True
64,116,beta_skew,True,True,True,True,True,True,True
64,117,power_anisotropic,True,True,True,True,True,True,True
64,117,beta_skew,True,True,True,True,True,True,True
64,118,power_anisotropic,True,True,True,True,True,True,True
64,118,beta_skew,True,True,True,True,True,True,True
64,119,power_anisotropic,True,True,True,True,True,True,True
64,119,beta_skew,True,True,True,True,True,True,True
64,120,power_anisotropic,True,True,True,True,True,True,True
64,120,beta_skew,True,True,True,True,True,True,True
64,121,power_anisotropic,True,True,True,True,True,True,True
64,121,beta_skew,True,True,True,True,True,True,True
64,122,power_anisotropic,True,True,True,True,True,True,True
64,122,beta_skew,True,True,True,True,True,True,True
64,123,power_anisotropic,True,True,True,True,True,True,True
64,123,beta_skew,True,True,True,True,True,True,True
64,124,power_anisotropic,True,True,True,True,True,True,True
64,124,beta_skew,True,True,True,True,True,True,True
64,125,power_anisotropic,True,True,True,True,True,True,True
64,125,beta_skew,True,True,True,True,True,True,True
64,126,power_anisotropic,True,True,True,True,True,True,True
64,126,beta_skew,True,True,True,True,True,True,True
64,127,power_anisotropic,True,True,True,True,True,True,True
64,127,beta_skew,True,True,True,True,True,True,True
64,128,power_anisotropic,True,True,True,True,True,True,True
64,128,beta_skew,True,True,True,True,True,True,True
64,129,power_anisotropic,True,True,True,True,True,True,True
64,129,beta_skew,True,True,True,True,True,True,True
64,130,power_anisotropic,True,True,True,True,True,True,True
64,130,beta_skew,True,True,True,True,True,True,True
64,131,power_anisotropic,True,True,True,True,True,True,True
64,131,beta_skew,True,True,True,True,True,True,True
64,132,power_anisotropic,True,True,True,True,True,True,True
64,132,beta_skew,True,True,True,True,True,True,True
64,133,power_anisotropic,True,True,True,True,True,True,True
64,133,beta_skew,True,True,True,True,True,True,True
64,134,power_anisotropic,True,True,True,True,True,True,True
64,134,beta_skew,True,True,True,True,True,True,True
64,135,power_anisotropic,True,True,True,True,True,True,True
64,135,beta_skew,True,True,True,True,True,True,True
64,136,power_anisotropic,True,True,True,True,True,True,True
64,136,beta_skew,True,True,True,True,True,True,True
64,137,power_anisotropic,True,True,True,True,True,True,True
64,137,beta_skew,True,True,True,True,True,True,True
64,138,power_anisotropic,True,True,True,True,True,True,True
64,138,beta_skew,True,True,True,True,True,True,True
64,139,power_anisotropic,True,True,True,True,True,True,True
64,139,beta_skew,True,True,True,True,True,True,True
64,140,power_anisotropic,True,True,True,True,True,True,True
64,140,beta_skew,True,True,True,True,True,True,True
64,141,power_anisotropic,True,True,True,True,True,True,True
64,141,beta_skew,True,True,True,True,True,True,True
64,142,power_anisotropic,True,True,True,True,True,True,True
64,142,beta_skew,True,True,True,True,True,True,True
64,143,power_anisotropic,True,True,True,True,True,True,True
64,143,beta_skew,True,True,True,True,True,True,True
64,144,power_anisotropic,True,True,True,True,True,True,True
64,144,beta_skew,True,True,True,True,True,True,True
64,145,power_anisotropic,True,True,True,True,True,True,True
64,145,beta_skew,True,True,True,True,True,True,True
64,146,power_anisotropic,True,True,True,True,True,True,True
64,146,beta_skew,True,True,True,True,True,True,True
64,147,power_anisotropic,True,True,True,True,True,True,True
64,147,beta_skew,True,True,True,True,True,True,True
64,148,power_anisotropic,True,True,True,True,True,True,True
64,148,beta_skew,True,True,True,True,True,True,True
64,149,power_anisotropic,True,True,True,True,True,True,True
64,149,beta_skew,True,True,True,True,True,True,True
64,150,power_anisotropic,True,True,True,True,True,True,True
64,150,beta_skew,True,True,True,True,True,True,True
64,151,power_anisotropic,True,True,True,True,True,True,True
64,151,beta_skew,True,True,True,True,True,True,True
64,152,power_anisotropic,True,True,True,True,True,True,True
64,152,beta_skew,True,True,True,True,True,True,True
64,153,power_anisotropic,True,True,True,True,True,True,True
64,153,beta_skew,True,True,True,True,True,True,True
64,154,power_anisotropic,True,True,True,True,True,True,True
64,154,beta_skew,True,True,True,True,True,True,True
64,155,power_anisotropic,True,True,True,True,True,True,True
64,155,beta_skew,True,True,True,True,True,True,True
64,156,power_anisotropic,True,True,True,True,True,True,True
64,156,beta_skew,True,True,True,True,True,True,True
64,157,power_anisotropic,True,True,True,True,True,True,True
64,157,beta_skew,True,True,True,True,True,True,True
64,158,power_anisotropic,True,True,True,True,True,True,True
64,158,beta_skew,True,True,True,True,True,True,True
64,159,power_anisotropic,True,True,True,True,True,True,True
64,159,beta_skew,True,True,True,True,True,True,True
64,160,power_anisotropic,True,True,True,True,True,True,True
64,160,beta_skew,True,True,True,True,True,True,True
64,161,power_anisotropic,True,True,True,True,True,True,True
64,161,beta_skew,True,True,True,True,True,True,True
64,162,power_anisotropic,True,True,True,True,True,True,True
64,162,beta_skew,True,True,True,True,True,True,True
64,163,power_anisotropic,True,True,True,True,True,True,True
64,163,beta_skew,True,True,True,True,True,True,True
64,164,power_anisotropic,True,True,True,True,True,True,True
64,164,beta_skew,True,True,True,True,True,True,True
64,165,power_anisotropic,True,True,True,True,True,True,True
64,165,beta_skew,True,True,True,True,True,True,True
64,166,power_anisotropic,True,True,True,True,True,True,True
64,166,beta_skew,True,True,True,True,True,True,True
64,167,power_anisotropic,True,True,True,True,True,True,True
64,167,beta_skew,True,True,True,True,True,True,True
64,168,power_anisotropic,True,True,True,True,True,True,True
64,168,beta_skew,True,True,True,True,True,True,True
64,169,power_anisotropic,True,True,True,True,True,True,True
64,169,beta_skew,True,True,True,True,True,True,True
64,170,power_anisotropic,True,True,True,True,True,True,True
64,170,beta_skew,True,True,True,True,True,True,True
64,171,power_anisotropic,True,True,True,True,True,True,True
64,171,beta_skew,True,True,True,True,True,True,True
64,172,power_anisotropic,True,True,True,True,True,True,True
64,172,beta_skew,True,True,True,True,True,True,True
64,173,power_anisotropic,True,True,True,True,True,True,True
64,173,beta_skew,True,True,True,True,True,True,True
64,174,power_anisotropic,True,True,True,True,True,True,True
64,174,beta_skew,True,True,True,True,True,True,True
64,175,power_anisotropic,True,True,True,True,True,True,True
64,175,beta_skew,True,True,True,True,True,True,True
64,176,power_anisotropic,True,True,True,True,True,True,True
64,176,beta_skew,True,True,True,True,True,True,True
64,177,power_anisotropic,True,True,True,True,True,True,True
64,177,beta_skew,True,True,True,True,True,True,True
64,178,power_anisotropic,True,True,True,True,True,True,True
64,178,beta_skew,True,True,True,True,True,True,True
64,179,power_anisotropic,True,True,True,True,True,True,True
64,179,beta_skew,True,True,True,True,True,True,True
64,180,power_anisotropic,True,True,True,True,True,True,True
64,180,beta_skew,True,True,True,True,True,True,True
64,181,power_anisotropic,True,True,True,True,True,True,True
64,181,beta_skew,True,True,True,True,True,True,True
64,182,power_anisotropic,True,True,True,True,True,True,True
64,182,beta_skew,True,True,True,True,True,True,True
64,183,power_anisotropic,True,True,True,True,True,True,True
64,183,beta_skew,True,True,True,True,True,True,True
64,184,power_anisotropic,True,True,True,True,True,True,True
64,184,beta_skew,True,True,True,True,True,True,True
64,185,power_anisotropic,True,True,True,True,True,True,True
64,185,beta_skew,True,True,True,True,True,True,True
64,186,power_anisotropic,True,True,True,True,True,True,True
64,186,beta_skew,True,True,True,True,True,True,True
64,187,power_anisotropic,True,True,True,True,True,True,True
64,187,beta_skew,True,True,True,True,True,True,True
64,188,power_anisotropic,True,True,True,True,True,True,True
64,188,beta_skew,True,True,True,True,True,True,True
64,189,power_anisotropic,True,True,True,True,True,True,True
64,189,beta_skew,True,True,True,True,True,True,True
64,190,power_anisotropic,True,True,True,True,True,True,True
64,190,beta_skew,True,True,True,True,True,True,True
64,191,power_anisotropic,True,True,True,True,True,True,True
64,191,beta_skew,True,True,True,True,True,True,True
64,192,power_anisotropic,True,True,True,True,True,True,True
64,192,beta_skew,True,True,True,True,True,True,True
64,193,power_anisotropic,True,True,True,True,True,True,True
64,193,beta_skew,True,True,True,True,True,True,True
64,194,power_anisotropic,True,True,True,True,True,True,True
64,194,beta_skew,True,True,True,True,True,True,True
64,195,power_anisotropic,True,True,True,True,True,True,True
64,195,beta_skew,True,True,True,True,True,True,True
64,196,power_anisotropic,True,True,True,True,True,True,True
64,196,beta_skew,True,True,True,True,True,True,True
64,197,power_anisotropic,True,True,True,True,True,True,True
64,197,beta_skew,True,True,True,True,True,True,True
64,198,power_anisotropic,True,True,True,True,True,True,True
64,198,beta_skew,True,True,True,True,True,True,True
64,199,power_anisotropic,True,True,True,True,True,True,True
64,199,beta_skew,True,True,True,True,True,True,True
128,0,power_anisotropic,True,True,True,True,True,True,True
128,0,beta_skew,True,True,True,True,True,True,True
128,1,power_anisotropic,True,True,True,True,True,True,True
128,1,beta_skew,True,True,True,True,True,True,True
128,2,power_anisotropic,True,True,True,True,True,True,True
128,2,beta_skew,True,True,True,True,True,True,True
128,3,power_anisotropic,True,True,True,True,True,True,True
128,3,beta_skew,True,True,True,True,True,True,True
128,4,power_anisotropic,True,True,True,True,True,True,True
128,4,beta_skew,True,True,True,True,True,True,True
128,5,power_anisotropic,True,True,True,True,True,True,True
128,5,beta_skew,True,True,True,True,True,True,True
128,6,power_anisotropic,True,True,True,True,True,True,True
128,6,beta_skew,True,True,True,True,True,True,True
128,7,power_anisotropic,True,True,True,True,True,True,True
128,7,beta_skew,True,True,True,True,True,True,True
128,8,power_anisotropic,True,True,True,True,True,True,True
128,8,beta_skew,True,True,True,True,True,True,True
128,9,power_anisotropic,True,True,True,True,True,True,True
128,9,beta_skew,True,True,True,True,True,True,True
128,10,power_anisotropic,True,True,True,True,True,True,True
128,10,beta_skew,True,True,True,True,True,True,True
128,11,power_anisotropic,True,True,True,True,True,True,True
128,11,beta_skew,True,True,True,True,True,True,True
128,12,power_anisotropic,True,True,True,True,True,True,True
128,12,beta_skew,True,True,True,True,True,True,True
128,13,power_anisotropic,True,True,True,True,True,True,True
128,13,beta_skew,True,True,True,True,True,True,True
128,14,power_anisotropic,True,True,True,True,True,True,True
128,14,beta_skew,True,True,True,True,True,True,True
128,15,power_anisotropic,True,True,True,True,True,True,True
128,15,beta_skew,True,True,True,True,True,True,True
128,16,power_anisotropic,True,True,True,True,True,True,True
128,16,beta_skew,True,True,True,True,True,True,True
128,17,power_anisotropic,True,True,True,True,True,True,True
128,17,beta_skew,True,True,True,True,True,True,True
128,18,power_anisotropic,True,True,True,True,True,True,True
128,18,beta_skew,True,True,True,True,True,True,True
128,19,power_anisotropic,True,True,True,True,True,True,True
128,19,beta_skew,True,True,True,True,True,True,True
128,20,power_anisotropic,True,True,True,True,True,True,True
128,20,beta_skew,True,True,True,True,True,True,True
128,21,power_anisotropic,True,True,True,True,True,True,True
128,21,beta_skew,True,True,True,True,True,True,True
128,22,power_anisotropic,True,True,True,True,True,True,True
128,22,beta_skew,True,True,True,True,True,True,True
128,23,power_anisotropic,True,True,True,True,True,True,True
128,23,beta_skew,True,True,True,True,True,True,True
128,24,power_anisotropic,True,True,True,True,True,True,True
128,24,beta_skew,True,True,True,True,True,True,True
128,25,power_anisotropic,True,True,True,True,True,True,True
128,25,beta_skew,True,True,True,True,True,True,True
128,26,power_anisotropic,True,True,True,True,True,True,True
128,26,beta_skew,True,True,True,True,True,True,True
128,27,power_anisotropic,True,True,True,True,True,True,True
128,27,beta_skew,True,True,True,True,True,True,True
128,28,power_anisotropic,True,True,True,True,True,True,True
128,28,beta_skew,True,True,True,True,True,True,True
128,29,power_anisotropic,True,True,True,True,True,True,True
128,29,beta_skew,True,True,True,True,True,True,True
128,30,power_anisotropic,True,True,True,True,True,True,True
128,30,beta_skew,True,True,True,True,True,True,True
128,31,power_anisotropic,True,True,True,True,True,True,True
128,31,beta_skew,True,True,True,True,True,True,True
128,32,power_anisotropic,True,True,True,True,True,True,True
128,32,beta_skew,True,True,True,True,True,True,True
128,33,power_anisotropic,True,True,True,True,True,True,True
128,33,beta_skew,True,True,True,True,True,True,True
128,34,power_anisotropic,True,True,True,True,True,True,True
128,34,beta_skew,True,True,True,True,True,True,True
128,35,power_anisotropic,True,True,True,True,True,True,True
128,35,beta_skew,True,True,True,True,True,True,True
128,36,power_anisotropic,True,True,True,True,True,True,True
128,36,beta_skew,True,True,True,True,True,True,True
128,37,power_anisotropic,True,True,True,True,True,True,True
128,37,beta_skew,True,True,True,True,True,True,True
128,38,power_anisotropic,True,True,True,True,True,True,True
128,38,beta_skew,True,True,True,True,True,True,True
128,39,power_anisotropic,True,True,True,True,True,True,True
128,39,beta_skew,True,True,True,True,True,True,True
128,40,power_anisotropic,True,True,True,True,True,True,True
128,40,beta_skew,True,True,True,True,True,True,True
128,41,power_anisotropic,True,True,True,True,True,True,True
128,41,beta_skew,True,True,True,True,True,True,True
128,42,power_anisotropic,True,True,True,True,True,True,True
128,42,beta_skew,True,True,True,True,True,True,True
128,43,power_anisotropic,True,True,True,True,True,True,True
128,43,beta_skew,True,True,True,True,True,True,True
128,44,power_anisotropic,True,True,True,True,True,True,True
128,44,beta_skew,True,True,True,True,True,True,True
128,45,power_anisotropic,True,True,True,True,True,True,True
128,45,beta_skew,True,True,True,True,True,True,True
128,46,power_anisotropic,True,True,True,True,True,True,True
128,46,beta_skew,True,True,True,True,True,True,True
128,47,power_anisotropic,True,True,True,True,True,True,True
128,47,beta_skew,True,True,True,True,True,True,True
128,48,power_anisotropic,True,True,True,True,True,True,True
128,48,beta_skew,True,True,True,True,True,True,True
128,49,power_anisotropic,True,True,True,True,True,True,True
128,49,beta_skew,True,True,True,True,True,True,True
128,50,power_anisotropic,True,True,True,True,True,True,True
128,50,beta_skew,True,True,True,True,True,True,True
128,51,power_anisotropic,True,True,True,True,True,True,True
128,51,beta_skew,True,True,True,True,True,True,True
128,52,power_anisotropic,True,True,True,True,True,True,True
128,52,beta_skew,True,True,True,True,True,True,True
128,53,power_anisotropic,True,True,True,True,True,True,True
128,53,beta_skew,True,True,True,True,True,True,True
128,54,power_anisotropic,True,True,True,True,True,True,True
128,54,beta_skew,True,True,True,True,True,True,True
128,55,power_anisotropic,True,True,True,True,True,True,True
128,55,beta_skew,True,True,True,True,True,True,True
128,56,power_anisotropic,True,True,True,True,True,True,True
128,56,beta_skew,True,True,True,True,True,True,True
128,57,power_anisotropic,True,True,True,True,True,True,True
128,57,beta_skew,True,True,True,True,True,True,True
128,58,power_anisotropic,True,True,True,True,True,True,True
128,58,beta_skew,True,True,True,True,True,True,True
128,59,power_anisotropic,True,True,True,True,True,True,True
128,59,beta_skew,True,True,True,True,True,True,True
128,60,power_anisotropic,True,True,True,True,True,True,True
128,60,beta_skew,True,True,True,True,True,True,True
128,61,power_anisotropic,True,True,True,True,True,True,True
128,61,beta_skew,True,True,True,True,True,True,True
128,62,power_anisotropic,True,True,True,True,True,True,True
128,62,beta_skew,True,True,True,True,True,True,True
128,63,power_anisotropic,True,True,True,True,True,True,True
128,63,beta_skew,True,True,True,True,True,True,True
128,64,power_anisotropic,True,True,True,True,True,True,True
128,64,beta_skew,True,True,True,True,True,True,True
128,65,power_anisotropic,True,True,True,True,True,True,True
128,65,beta_skew,True,True,True,True,True,True,True
128,66,power_anisotropic,True,True,True,True,True,True,True
128,66,beta_skew,True,True,True,True,True,True,True
128,67,power_anisotropic,True,True,True,True,True,True,True
128,67,beta_skew,True,True,True,True,True,True,True
128,68,power_anisotropic,True,True,True,True,True,True,True
128,68,beta_skew,True,True,True,True,True,True,True
128,69,power_anisotropic,True,True,True,True,True,True,True
128,69,beta_skew,True,True,True,True,True,True,True
128,70,power_anisotropic,True,True,True,True,True,True,True
128,70,beta_skew,True,True,True,True,True,True,True
128,71,power_anisotropic,True,True,True,True,True,True,True
128,71,beta_skew,True,True,True,True,True,True,True
128,72,power_anisotropic,True,True,True,True,True,True,True
128,72,beta_skew,True,True,True,True,True,True,True
128,73,power_anisotropic,True,True,True,True,True,True,True
128,73,beta_skew,True,True,True,True,True,True,True
128,74,power_anisotropic,True,True,True,True,True,True,True
128,74,beta_skew,True,True,True,True,True,True,True
128,75,power_anisotropic,True,True,True,True,True,True,True
128,75,beta_skew,True,True,True,True,True,True,True
128,76,power_anisotropic,True,True,True,True,True,True,True
128,76,beta_skew,True,True,True,True,True,True,True
128,77,power_anisotropic,True,True,True,True,True,True,True
128,77,beta_skew,True,True,True,True,True,True,True
128,78,power_anisotropic,True,True,True,True,True,True,True
128,78,beta_skew,True,True,True,True,True,True,True
128,79,power_anisotropic,True,True,True,True,True,True,True
128,79,beta_skew,True,True,True,True,True,True,True
128,80,power_anisotropic,True,True,True,True,True,True,True
128,80,beta_skew,True,True,True,True,True,True,True
128,81,power_anisotropic,True,True,True,True,True,True,True
128,81,beta_skew,True,True,True,True,True,True,True
128,82,power_anisotropic,True,True,True,True,True,True,True
128,82,beta_skew,True,True,True,True,True,True,True
128,83,power_anisotropic,True,True,True,True,True,True,True
128,83,beta_skew,True,True,True,True,True,True,True
128,84,power_anisotropic,True,True,True,True,True,True,True
128,84,beta_skew,True,True,True,True,True,True,True
128,85,power_anisotropic,True,True,True,True,True,True,True
128,85,beta_skew,True,True,True,True,True,True,True
128,86,power_anisotropic,True,True,True,True,True,True,True
128,86,beta_skew,True,True,True,True,True,True,True
128,87,power_anisotropic,True,True,True,True,True,True,True
128,87,beta_skew,True,True,True,True,True,True,True
128,88,power_anisotropic,True,True,True,True,True,True,True
128,88,beta_skew,True,True,True,True,True,True,True
128,89,power_anisotropic,True,True,True,True,True,True,True
128,89,beta_skew,True,True,True,True,True,True,True
128,90,power_anisotropic,True,True,True,True,True,True,True
128,90,beta_skew,True,True,True,True,True,True,True
128,91,power_anisotropic,True,True,True,True,True,True,True
128,91,beta_skew,True,True,True,True,True,True,True
128,92,power_anisotropic,True,True,True,True,True,True,True
128,92,beta_skew,True,True,True,True,True,True,True
128,93,power_anisotropic,True,True,True,True,True,True,True
128,93,beta_skew,True,True,True,True,True,True,True
128,94,power_anisotropic,True,True,True,True,True,True,True
128,94,beta_skew,True,True,True,True,True,True,True
128,95,power_anisotropic,True,True,True,True,True,True,True
128,95,beta_skew,True,True,True,True,True,True,True
128,96,power_anisotropic,True,True,True,True,True,True,True
128,96,beta_skew,True,True,True,True,True,True,True
128,97,power_anisotropic,True,True,True,True,True,True,True
128,97,beta_skew,True,True,True,True,True,True,True
128,98,power_anisotropic,True,True,True,True,True,True,True
128,98,beta_skew,True,True,True,True,True,True,True
128,99,power_anisotropic,True,True,True,True,True,True,True
128,99,beta_skew,True,True,True,True,True,True,True
128,100,power_anisotropic,True,True,True,True,True,True,True
128,100,beta_skew,True,True,True,True,True,True,True
128,101,power_anisotropic,True,True,True,True,True,True,True
128,101,beta_skew,True,True,True,True,True,True,True
128,102,power_anisotropic,True,True,True,True,True,True,True
128,102,beta_skew,True,True,True,True,True,True,True
128,103,power_anisotropic,True,True,True,True,True,True,True
128,103,beta_skew,True,True,True,True,True,True,True
128,104,power_anisotropic,True,True,True,True,True,True,True
128,104,beta_skew,True,True,True,True,True,True,True
128,105,power_anisotropic,True,True,True,True,True,True,True
128,105,beta_skew,True,True,True,True,True,True,True
128,106,power_anisotropic,True,True,True,True,True,True,True
128,106,beta_skew,True,True,True,True,True,True,True
128,107,power_anisotropic,True,True,True,True,True,True,True
128,107,beta_skew,True,True,True,True,True,True,True
128,108,power_anisotropic,True,True,True,True,True,True,True
128,108,beta_skew,True,True,True,True,True,True,True
128,109,power_anisotropic,True,True,True,True,True,True,True
128,109,beta_skew,True,True,True,True,True,True,True
128,110,power_anisotropic,True,True,True,True,True,True,True
128,110,beta_skew,True,True,True,True,True,True,True
128,111,power_anisotropic,True,True,True,True,True,True,True
128,111,beta_skew,True,True,True,True,True,True,True
128,112,power_anisotropic,True,True,True,True,True,True,True
128,112,beta_skew,True,True,True,True,True,True,True
128,113,power_anisotropic,True,True,True,True,True,True,True
128,113,beta_skew,True,True,True,True,True,True,True
128,114,power_anisotropic,True,True,True,True,True,True,True
128,114,beta_skew,True,True,True,True,True,True,True
128,115,power_anisotropic,True,True,True,True,True,True,True
128,115,beta_skew,True,True,True,True,True,True,True
128,116,power_anisotropic,True,True,True,True,True,True,True
128,116,beta_skew,True,True,True,True,True,True,True
128,117,power_anisotropic,True,True,True,True,True,True,True
128,117,beta_skew,True,True,True,True,True,True,True
128,118,power_anisotropic,True,True,True,True,True,True,True
128,118,beta_skew,True,True,True,True,True,True,True
128,119,power_anisotropic,True,True,True,True,True,True,True
128,119,beta_skew,True,True,True,True,True,True,True
128,120,power_anisotropic,True,True,True,True,True,True,True
128,120,beta_skew,True,True,True,True,True,True,True
128,121,power_anisotropic,True,True,True,True,True,True,True
128,121,beta_skew,True,True,True,True,True,True,True
128,122,power_anisotropic,True,True,True,True,True,True,True
128,122,beta_skew,True,True,True,True,True,True,True
128,123,power_anisotropic,True,True,True,True,True,True,True
128,123,beta_skew,True,True,True,True,True,True,True
128,124,power_anisotropic,True,True,True,True,True,True,True
128,124,beta_skew,True,True,True,True,True,True,True
128,125,power_anisotropic,True,True,True,True,True,True,True
128,125,beta_skew,True,True,True,True,True,True,True
128,126,power_anisotropic,True,True,True,True,True,True,True
128,126,beta_skew,True,True,True,True,True,True,True
128,127,power_anisotropic,True,True,True,True,True,True,True
128,127,beta_skew,True,True,True,True,True,True,True
128,128,power_anisotropic,True,True,True,True,True,True,True
128,128,beta_skew,True,True,True,True,True,True,True
128,129,power_anisotropic,True,True,True,True,True,True,True
128,129,beta_skew,True,True,True,True,True,True,True
128,130,power_anisotropic,True,True,True,True,True,True,True
128,130,beta_skew,True,True,True,True,True,True,True
128,131,power_anisotropic,True,True,True,True,True,True,True
128,131,beta_skew,True,True,True,True,True,True,True
128,132,power_anisotropic,True,True,True,True,True,True,True
128,132,beta_skew,True,True,True,True,True,True,True
128,133,power_anisotropic,True,True,True,True,True,True,True
128,133,beta_skew,True,True,True,True,True,True,True
128,134,power_anisotropic,True,True,True,True,True,True,True
128,134,beta_skew,True,True,True,True,True,True,True
128,135,power_anisotropic,True,True,True,True,True,True,True
128,135,beta_skew,True,True,True,True,True,True,True
128,136,power_anisotropic,True,True,True,True,True,True,True
128,136,beta_skew,True,True,True,True,True,True,True
128,137,power_anisotropic,True,True,True,True,True,True,True
128,137,beta_skew,True,True,True,True,True,True,True
128,138,power_anisotropic,True,True,True,True,True,True,True
128,138,beta_skew,True,True,True,True,True,True,True
128,139,power_anisotropic,True,True,True,True,True,True,True
128,139,beta_skew,True,True,True,True,True,True,True
128,140,power_anisotropic,True,True,True,True,True,True,True
128,140,beta_skew,True,True,True,True,True,True,True
128,141,power_anisotropic,True,True,True,True,True,True,True
128,141,beta_skew,True,True,True,True,True,True,True
128,142,power_anisotropic,True,True,True,True,True,True,True
128,142,beta_skew,True,True,True,True,True,True,True
128,143,power_anisotropic,True,True,True,True,True,True,True
128,143,beta_skew,True,True,True,True,True,True,True
128,144,power_anisotropic,True,True,True,True,True,True,True
128,144,beta_skew,True,True,True,True,True,True,True
128,145,power_anisotropic,True,True,True,True,True,True,True
128,145,beta_skew,True,True,True,True,True,True,True
128,146,power_anisotropic,True,True,True,True,True,True,True
128,146,beta_skew,True,True,True,True,True,True,True
128,147,power_anisotropic,True,True,True,True,True,True,True
128,147,beta_skew,True,True,True,True,True,True,True
128,148,power_anisotropic,True,True,True,True,True,True,True
128,148,beta_skew,True,True,True,True,True,True,True
128,149,power_anisotropic,True,True,True,True,True,True,True
128,149,beta_skew,True,True,True,True,True,True,True
128,150,power_anisotropic,True,True,True,True,True,True,True
128,150,beta_skew,True,True,True,True,True,True,True
128,151,power_anisotropic,True,True,True,True,True,True,True
128,151,beta_skew,True,True,True,True,True,True,True
128,152,power_anisotropic,True,True,True,True,True,True,True
128,152,beta_skew,True,True,True,True,True,True,True
128,153,power_anisotropic,True,True,True,True,True,True,True
128,153,beta_skew,True,True,True,True,True,True,True
128,154,power_anisotropic,True,True,True,True,True,True,True
128,154,beta_skew,True,True,True,True,True,True,True
128,155,power_anisotropic,True,True,True,True,True,True,True
128,155,beta_skew,True,True,True,True,True,True,True
128,156,power_anisotropic,True,True,True,True,True,True,True
128,156,beta_skew,True,True,True,True,True,True,True
128,157,power_anisotropic,True,True,True,True,True,True,True
128,157,beta_skew,True,True,True,True,True,True,True
128,158,power_anisotropic,True,True,True,True,True,True,True
128,158,beta_skew,True,True,True,True,True,True,True
128,159,power_anisotropic,True,True,True,True,True,True,True
128,159,beta_skew,True,True,True,True,True,True,True
128,160,power_anisotropic,True,True,True,True,True,True,True
128,160,beta_skew,True,True,True,True,True,True,True
128,161,power_anisotropic,True,True,True,True,True,True,True
128,161,beta_skew,True,True,True,True,True,True,True
128,162,power_anisotropic,True,True,True,True,True,True,True
128,162,beta_skew,True,True,True,True,True,True,True
128,163,power_anisotropic,True,True,True,True,True,True,True
128,163,beta_skew,True,True,True,True,True,True,True
128,164,power_anisotropic,True,True,True,True,True,True,True
128,164,beta_skew,True,True,True,True,True,True,True
128,165,power_anisotropic,True,True,True,True,True,True,True
128,165,beta_skew,True,True,True,True,True,True,True
128,166,power_anisotropic,True,True,True,True,True,True,True
128,166,beta_skew,True,True,True,True,True,True,True
128,167,power_anisotropic,True,True,True,True,True,True,True
128,167,beta_skew,True,True,True,True,True,True,True
128,168,power_anisotropic,True,True,True,True,True,True,True
128,168,beta_skew,True,True,True,True,True,True,True
128,169,power_anisotropic,True,True,True,True,True,True,True
128,169,beta_skew,True,True,True,True,True,True,True
128,170,power_anisotropic,True,True,True,True,True,True,True
128,170,beta_skew,True,True,True,True,True,True,True
128,171,power_anisotropic,True,True,True,True,True,True,True
128,171,beta_skew,True,True,True,True,True,True,True
128,172,power_anisotropic,True,True,True,True,True,True,True
128,172,beta_skew,True,True,True,True,True,True,True
128,173,power_anisotropic,True,True,True,True,True,True,True
128,173,beta_skew,True,True,True,True,True,True,True
128,174,power_anisotropic,True,True,True,True,True,True,True
128,174,beta_skew,True,True,True,True,True,True,True
128,175,power_anisotropic,True,True,True,True,True,True,True
128,175,beta_skew,True,True,True,True,True,True,True
128,176,power_anisotropic,True,True,True,True,True,True,True
128,176,beta_skew,True,True,True,True,True,True,True
128,177,power_anisotropic,True,True,True,True,True,True,True
128,177,beta_skew,True,True,True,True,True,True,True
128,178,power_anisotropic,True,True,True,True,True,True,True
128,178,beta_skew,True,True,True,True,True,True,True
128,179,power_anisotropic,True,True,True,True,True,True,True
128,179,beta_skew,True,True,True,True,True,True,True
128,180,power_anisotropic,True,True,True,True,True,True,True
128,180,beta_skew,True,True,True,True,True,True,True
128,181,power_anisotropic,True,True,True,True,True,True,True
128,181,beta_skew,True,True,True,True,True,True,True
128,182,power_anisotropic,True,True,True,True,True,True,True
128,182,beta_skew,True,True,True,True,True,True,True
128,183,power_anisotropic,True,True,True,True,True,True,True
128,183,beta_skew,True,True,True,True,True,True,True
128,184,power_anisotropic,True,True,True,True,True,True,True
128,184,beta_skew,True,True,True,True,True,True,True
128,185,power_anisotropic,True,True,True,True,True,True,True
128,185,beta_skew,True,True,True,True,True,True,True
128,186,power_anisotropic,True,True,True,True,True,True,True
128,186,beta_skew,True,True,True,True,True,True,True
128,187,power_anisotropic,True,True,True,True,True,True,True
128,187,beta_skew,True,True,True,True,True,True,True
128,188,power_anisotropic,True,True,True,True,True,True,True
128,188,beta_skew,True,True,True,True,True,True,True
128,189,power_anisotropic,True,True,True,True,True,True,True
128,189,beta_skew,True,True,True,True,True,True,True
128,190,power_anisotropic,True,True,True,True,True,True,True
128,190,beta_skew,True,True,True,True,True,True,True
128,191,power_anisotropic,True,True,True,True,True,True,True
128,191,beta_skew,True,True,True,True,True,True,True
128,192,power_anisotropic,True,True,True,True,True,True,True
128,192,beta_skew,True,True,True,True,True,True,True
128,193,power_anisotropic,True,True,True,True,True,True,True
128,193,beta_skew,True,True,True,True,True,True,True
128,194,power_anisotropic,True,True,True,True,True,True,True
128,194,beta_skew,True,True,True,True,True,True,True
128,195,power_anisotropic,True,True,True,True,True,True,True
128,195,beta_skew,True,True,True,True,True,True,True
128,196,power_anisotropic,True,True,True,True,True,True,True
128,196,beta_skew,True,True,True,True,True,True,True
128,197,power_anisotropic,True,True,True,True,True,True,True
128,197,beta_skew,True,True,True,True,True,True,True
128,198,power_anisotropic,True,True,True,True,True,True,True
128,198,beta_skew,True,True,True,True,True,True,True
128,199,power_anisotropic,True,True,True,True,True,True,True
128,199,beta_skew,True,True,True,True,True,True,True
256,0,power_anisotropic,True,True,True,True,True,True,True
256,0,beta_skew,True,True,True,True,True,True,True
256,1,power_anisotropic,True,True,True,True,True,True,True
256,1,beta_skew,True,True,True,True,True,True,True
256,2,power_anisotropic,True,True,True,True,True,True,True
256,2,beta_skew,True,True,True,True,True,True,True
256,3,power_anisotropic,True,True,True,True,True,True,True
256,3,beta_skew,True,True,True,True,True,True,True
256,4,power_anisotropic,True,True,True,True,True,True,True
256,4,beta_skew,True,True,True,True,True,True,True
256,5,power_anisotropic,True,True,True,True,True,True,True
256,5,beta_skew,True,True,True,True,True,True,True
256,6,power_anisotropic,True,True,True,True,True,True,True
256,6,beta_skew,True,True,True,True,True,True,True
256,7,power_anisotropic,True,True,True,True,True,True,True
256,7,beta_skew,True,True,True,True,True,True,True
256,8,power_anisotropic,True,True,True,True,True,True,True
256,8,beta_skew,True,True,True,True,True,True,True
256,9,power_anisotropic,True,True,True,True,True,True,True
256,9,beta_skew,True,True,True,True,True,True,True
256,10,power_anisotropic,True,True,True,True,True,True,True
256,10,beta_skew,True,True,True,True,True,True,True
256,11,power_anisotropic,True,True,True,True,True,True,True
256,11,beta_skew,True,True,True,True,True,True,True
256,12,power_anisotropic,True,True,True,True,True,True,True
256,12,beta_skew,True,True,True,True,True,True,True
256,13,power_anisotropic,True,True,True,True,True,True,True
256,13,beta_skew,True,True,True,True,True,True,True
256,14,power_anisotropic,True,True,True,True,True,True,True
256,14,beta_skew,True,True,True,True,True,True,True
256,15,power_anisotropic,True,True,True,True,True,True,True
256,15,beta_skew,True,True,True,True,True,True,True
256,16,power_anisotropic,True,True,True,True,True,True,True
256,16,beta_skew,True,True,True,True,True,True,True
256,17,power_anisotropic,True,True,True,True,True,True,True
256,17,beta_skew,True,True,True,True,True,True,True
256,18,power_anisotropic,True,True,True,True,True,True,True
256,18,beta_skew,True,True,True,True,True,True,True
256,19,power_anisotropic,True,True,True,True,True,True,True
256,19,beta_skew,True,True,True,True,True,True,True
256,20,power_anisotropic,True,True,True,True,True,True,True
256,20,beta_skew,True,True,True,True,True,True,True
256,21,power_anisotropic,True,True,True,True,True,True,True
256,21,beta_skew,True,True,True,True,True,True,True
256,22,power_anisotropic,True,True,True,True,True,True,True
256,22,beta_skew,True,True,True,True,True,True,True
256,23,power_anisotropic,True,True,True,True,True,True,True
256,23,beta_skew,True,True,True,True,True,True,True
256,24,power_anisotropic,True,True,True,True,True,True,True
256,24,beta_skew,True,True,True,True,True,True,True
256,25,power_anisotropic,True,True,True,True,True,True,True
256,25,beta_skew,True,True,True,True,True,True,True
256,26,power_anisotropic,True,True,True,True,True,True,True
256,26,beta_skew,True,True,True,True,True,True,True
256,27,power_anisotropic,True,True,True,True,True,True,True
256,27,beta_skew,True,True,True,True,True,True,True
256,28,power_anisotropic,True,True,True,True,True,True,True
256,28,beta_skew,True,True,True,True,True,True,True
256,29,power_anisotropic,True,True,True,True,True,True,True
256,29,beta_skew,True,True,True,True,True,True,True
256,30,power_anisotropic,True,True,True,True,True,True,True
256,30,beta_skew,True,True,True,True,True,True,True
256,31,power_anisotropic,True,True,True,True,True,True,True
256,31,beta_skew,True,True,True,True,True,True,True
256,32,power_anisotropic,True,True,True,True,True,True,True
256,32,beta_skew,True,True,True,True,True,True,True
256,33,power_anisotropic,True,True,True,True,True,True,True
256,33,beta_skew,True,True,True,True,True,True,True
256,34,power_anisotropic,True,True,True,True,True,True,True
256,34,beta_skew,True,True,True,True,True,True,True
256,35,power_anisotropic,True,True,True,True,True,True,True
256,35,beta_skew,True,True,True,True,True,True,True
256,36,power_anisotropic,True,True,True,True,True,True,True
256,36,beta_skew,True,True,True,True,True,True,True
256,37,power_anisotropic,True,True,True,True,True,True,True
256,37,beta_skew,True,True,True,True,True,True,True
256,38,power_anisotropic,True,True,True,True,True,True,True
256,38,beta_skew,True,True,True,True,True,True,True
256,39,power_anisotropic,True,True,True,True,True,True,True
256,39,beta_skew,True,True,True,True,True,True,True
256,40,power_anisotropic,True,True,True,True,True,True,True
256,40,beta_skew,True,True,True,True,True,True,True
256,41,power_anisotropic,True,True,True,True,True,True,True
256,41,beta_skew,True,True,True,True,True,True,True
256,42,power_anisotropic,True,True,True,True,True,True,True
256,42,beta_skew,True,True,True,True,True,True,True
256,43,power_anisotropic,True,True,True,True,True,True,True
256,43,beta_skew,True,True,True,True,True,True,True
256,44,power_anisotropic,True,True,True,True,True,True,True
256,44,beta_skew,True,True,True,True,True,True,True
256,45,power_anisotropic,True,True,True,True,True,True,True
256,45,beta_skew,True,True,True,True,True,True,True
256,46,power_anisotropic,True,True,True,True,True,True,True
256,46,beta_skew,True,True,True,True,True,True,True
256,47,power_anisotropic,True,True,True,True,True,True,True
256,47,beta_skew,True,True,True,True,True,True,True
256,48,power_anisotropic,True,True,True,True,True,True,True
256,48,beta_skew,True,True,True,True,True,True,True
256,49,power_anisotropic,True,True,True,True,True,True,True
256,49,beta_skew,True,True,True,True,True,True,True
256,50,power_anisotropic,True,True,True,True,True,True,True
256,50,beta_skew,True,True,True,True,True,True,True
256,51,power_anisotropic,True,True,True,True,True,True,True
256,51,beta_skew,True,True,True,True,True,True,True
256,52,power_anisotropic,True,True,True,True,True,True,True
256,52,beta_skew,True,True,True,True,True,True,True
256,53,power_anisotropic,True,True,True,True,True,True,True
256,53,beta_skew,True,True,True,True,True,True,True
256,54,power_anisotropic,True,True,True,True,True,True,True
256,54,beta_skew,True,True,True,True,True,True,True
256,55,power_anisotropic,True,True,True,True,True,True,True
256,55,beta_skew,True,True,True,True,True,True,True
256,56,power_anisotropic,True,True,True,True,True,True,True
256,56,beta_skew,True,True,True,True,True,True,True
256,57,power_anisotropic,True,True,True,True,True,True,True
256,57,beta_skew,True,True,True,True,True,True,True
256,58,power_anisotropic,True,True,True,True,True,True,True
256,58,beta_skew,True,True,True,True,True,True,True
256,59,power_anisotropic,True,True,True,True,True,True,True
256,59,beta_skew,True,True,True,True,True,True,True
256,60,power_anisotropic,True,True,True,True,True,True,True
256,60,beta_skew,True,True,True,True,True,True,True
256,61,power_anisotropic,True,True,True,True,True,True,True
256,61,beta_skew,True,True,True,True,True,True,True
256,62,power_anisotropic,True,True,True,True,True,True,True
256,62,beta_skew,True,True,True,True,True,True,True
256,63,power_anisotropic,True,True,True,True,True,True,True
256,63,beta_skew,True,True,True,True,True,True,True
256,64,power_anisotropic,True,True,True,True,True,True,True
256,64,beta_skew,True,True,True,True,True,True,True
256,65,power_anisotropic,True,True,True,True,True,True,True
256,65,beta_skew,True,True,True,True,True,True,True
256,66,power_anisotropic,True,True,True,True,True,True,True
256,66,beta_skew,True,True,True,True,True,True,True
256,67,power_anisotropic,True,True,True,True,True,True,True
256,67,beta_skew,True,True,True,True,True,True,True
256,68,power_anisotropic,True,True,True,True,True,True,True
256,68,beta_skew,True,True,True,True,True,True,True
256,69,power_anisotropic,True,True,True,True,True,True,True
256,69,beta_skew,True,True,True,True,True,True,True
256,70,power_anisotropic,True,True,True,True,True,True,True
256,70,beta_skew,True,True,True,True,True,True,True
256,71,power_anisotropic,True,True,True,True,True,True,True
256,71,beta_skew,True,True,True,True,True,True,True
256,72,power_anisotropic,True,True,True,True,True,True,True
256,72,beta_skew,True,True,True,True,True,True,True
256,73,power_anisotropic,True,True,True,True,True,True,True
256,73,beta_skew,True,True,True,True,True,True,True
256,74,power_anisotropic,True,True,True,True,True,True,True
256,74,beta_skew,True,True,True,True,True,True,True
256,75,power_anisotropic,True,True,True,True,True,True,True
256,75,beta_skew,True,True,True,True,True,True,True
256,76,power_anisotropic,True,True,True,True,True,True,True
256,76,beta_skew,True,True,True,True,True,True,True
256,77,power_anisotropic,True,True,True,True,True,True,True
256,77,beta_skew,True,True,True,True,True,True,True
256,78,power_anisotropic,True,True,True,True,True,True,True
256,78,beta_skew,True,True,True,True,True,True,True
256,79,power_anisotropic,True,True,True,True,True,True,True
256,79,beta_skew,True,True,True,True,True,True,True
256,80,power_anisotropic,True,True,True,True,True,True,True
256,80,beta_skew,True,True,True,True,True,True,True
256,81,power_anisotropic,True,True,True,True,True,True,True
256,81,beta_skew,True,True,True,True,True,True,True
256,82,power_anisotropic,True,True,True,True,True,True,True
256,82,beta_skew,True,True,True,True,True,True,True
256,83,power_anisotropic,True,True,True,True,True,True,True
256,83,beta_skew,True,True,True,True,True,True,True
256,84,power_anisotropic,True,True,True,True,True,True,True
256,84,beta_skew,True,True,True,True,True,True,True
256,85,power_anisotropic,True,True,True,True,True,True,True
256,85,beta_skew,True,True,True,True,True,True,True
256,86,power_anisotropic,True,True,True,True,True,True,True
256,86,beta_skew,True,True,True,True,True,True,True
256,87,power_anisotropic,True,True,True,True,True,True,True
256,87,beta_skew,True,True,True,True,True,True,True
256,88,power_anisotropic,True,True,True,True,True,True,True
256,88,beta_skew,True,True,True,True,True,True,True
256,89,power_anisotropic,True,True,True,True,True,True,True
256,89,beta_skew,True,True,True,True,True,True,True
256,90,power_anisotropic,True,True,True,True,True,True,True
256,90,beta_skew,True,True,True,True,True,True,True
256,91,power_anisotropic,True,True,True,True,True,True,True
256,91,beta_skew,True,True,True,True,True,True,True
256,92,power_anisotropic,True,True,True,True,True,True,True
256,92,beta_skew,True,True,True,True,True,True,True
256,93,power_anisotropic,True,True,True,True,True,True,True
256,93,beta_skew,True,True,True,True,True,True,True
256,94,power_anisotropic,True,True,True,True,True,True,True
256,94,beta_skew,True,True,True,True,True,True,True
256,95,power_anisotropic,True,True,True,True,True,True,True
256,95,beta_skew,True,True,True,True,True,True,True
256,96,power_anisotropic,True,True,True,True,True,True,True
256,96,beta_skew,True,True,True,True,True,True,True
256,97,power_anisotropic,True,True,True,True,True,True,True
256,97,beta_skew,True,True,True,True,True,True,True
256,98,power_anisotropic,True,True,True,True,True,True,True
256,98,beta_skew,True,True,True,True,True,True,True
256,99,power_anisotropic,True,True,True,True,True,True,True
256,99,beta_skew,True,True,True,True,True,True,True
256,100,power_anisotropic,True,True,True,True,True,True,True
256,100,beta_skew,True,True,True,True,True,True,True
256,101,power_anisotropic,True,True,True,True,True,True,True
256,101,beta_skew,True,True,True,True,True,True,True
256,102,power_anisotropic,True,True,True,True,True,True,True
256,102,beta_skew,True,True,True,True,True,True,True
256,103,power_anisotropic,True,True,True,True,True,True,True
256,103,beta_skew,True,True,True,True,True,True,True
256,104,power_anisotropic,True,True,True,True,True,True,True
256,104,beta_skew,True,True,True,True,True,True,True
256,105,power_anisotropic,True,True,True,True,True,True,True
256,105,beta_skew,True,True,True,True,True,True,True
256,106,power_anisotropic,True,True,True,True,True,True,True
256,106,beta_skew,True,True,True,True,True,True,True
256,107,power_anisotropic,True,True,True,True,True,True,True
256,107,beta_skew,True,True,True,True,True,True,True
256,108,power_anisotropic,True,True,True,True,True,True,True
256,108,beta_skew,True,True,True,True,True,True,True
256,109,power_anisotropic,True,True,True,True,True,True,True
256,109,beta_skew,True,True,True,True,True,True,True
256,110,power_anisotropic,True,True,True,True,True,True,True
256,110,beta_skew,True,True,True,True,True,True,True
256,111,power_anisotropic,True,True,True,True,True,True,True
256,111,beta_skew,True,True,True,True,True,True,True
256,112,power_anisotropic,True,True,True,True,True,True,True
256,112,beta_skew,True,True,True,True,True,True,True
256,113,power_anisotropic,True,True,True,True,True,True,True
256,113,beta_skew,True,True,True,True,True,True,True
256,114,power_anisotropic,True,True,True,True,True,True,True
256,114,beta_skew,True,True,True,True,True,True,True
256,115,power_anisotropic,True,True,True,True,True,True,True
256,115,beta_skew,True,True,True,True,True,True,True
256,116,power_anisotropic,True,True,True,True,True,True,True
256,116,beta_skew,True,True,True,True,True,True,True
256,117,power_anisotropic,True,True,True,True,True,True,True
256,117,beta_skew,True,True,True,True,True,True,True
256,118,power_anisotropic,True,True,True,True,True,True,True
256,118,beta_skew,True,True,True,True,True,True,True
256,119,power_anisotropic,True,True,True,True,True,True,True
256,119,beta_skew,True,True,True,True,True,True,True
256,120,power_anisotropic,True,True,True,True,True,True,True
256,120,beta_skew,True,True,True,True,True,True,True
256,121,power_anisotropic,True,True,True,True,True,True,True
256,121,beta_skew,True,True,True,True,True,True,True
256,122,power_anisotropic,True,True,True,True,True,True,True
256,122,beta_skew,True,True,True,True,True,True,True
256,123,power_anisotropic,True,True,True,True,True,True,True
256,123,beta_skew,True,True,True,True,True,True,True
256,124,power_anisotropic,True,True,True,True,True,True,True
256,124,beta_skew,True,True,True,True,True,True,True
256,125,power_anisotropic,True,True,True,True,True,True,True
256,125,beta_skew,True,True,True,True,True,True,True
256,126,power_anisotropic,True,True,True,True,True,True,True
256,126,beta_skew,True,True,True,True,True,True,True
256,127,power_anisotropic,True,True,True,True,True,True,True
256,127,beta_skew,True,True,True,True,True,True,True
256,128,power_anisotropic,True,True,True,True,True,True,True
256,128,beta_skew,True,True,True,True,True,True,True
256,129,power_anisotropic,True,True,True,True,True,True,True
256,129,beta_skew,True,True,True,True,True,True,True
256,130,power_anisotropic,True,True,True,True,True,True,True
256,130,beta_skew,True,True,True,True,True,True,True
256,131,power_anisotropic,True,True,True,True,True,True,True
256,131,beta_skew,True,True,True,True,True,True,True
256,132,power_anisotropic,True,True,True,True,True,True,True
256,132,beta_skew,True,True,True,True,True,True,True
256,133,power_anisotropic,True,True,True,True,True,True,True
256,133,beta_skew,True,True,True,True,True,True,True
256,134,power_anisotropic,True,True,True,True,True,True,True
256,134,beta_skew,True,True,True,True,True,True,True
256,135,power_anisotropic,True,True,True,True,True,True,True
256,135,beta_skew,True,True,True,True,True,True,True
256,136,power_anisotropic,True,True,True,True,True,True,True
256,136,beta_skew,True,True,True,True,True,True,True
256,137,power_anisotropic,True,True,True,True,True,True,True
256,137,beta_skew,True,True,True,True,True,True,True
256,138,power_anisotropic,True,True,True,True,True,True,True
256,138,beta_skew,True,True,True,True,True,True,True
256,139,power_anisotropic,True,True,True,True,True,True,True
256,139,beta_skew,True,True,True,True,True,True,True
256,140,power_anisotropic,True,True,True,True,True,True,True
256,140,beta_skew,True,True,True,True,True,True,True
256,141,power_anisotropic,True,True,True,True,True,True,True
256,141,beta_skew,True,True,True,True,True,True,True
256,142,power_anisotropic,True,True,True,True,True,True,True
256,142,beta_skew,True,True,True,True,True,True,True
256,143,power_anisotropic,True,True,True,True,True,True,True
256,143,beta_skew,True,True,True,True,True,True,True
256,144,power_anisotropic,True,True,True,True,True,True,True
256,144,beta_skew,True,True,True,True,True,True,True
256,145,power_anisotropic,True,True,True,True,True,True,True
256,145,beta_skew,True,True,True,True,True,True,True
256,146,power_anisotropic,True,True,True,True,True,True,True
256,146,beta_skew,True,True,True,True,True,True,True
256,147,power_anisotropic,True,True,True,True,True,True,True
256,147,beta_skew,True,True,True,True,True,True,True
256,148,power_anisotropic,True,True,True,True,True,True,True
256,148,beta_skew,True,True,True,True,True,True,True
256,149,power_anisotropic,True,True,True,True,True,True,True
256,149,beta_skew,True,True,True,True,True,True,True
256,150,power_anisotropic,True,True,True,True,True,True,True
256,150,beta_skew,True,True,True,True,True,True,True
256,151,power_anisotropic,True,True,True,True,True,True,True
256,151,beta_skew,True,True,True,True,True,True,True
256,152,power_anisotropic,True,True,True,True,True,True,True
256,152,beta_skew,True,True,True,True,True,True,True
256,153,power_anisotropic,True,True,True,True,True,True,True
256,153,beta_skew,True,True,True,True,True,True,True
256,154,power_anisotropic,True,True,True,True,True,True,True
256,154,beta_skew,True,True,True,True,True,True,True
256,155,power_anisotropic,True,True,True,True,True,True,True
256,155,beta_skew,True,True,True,True,True,True,True
256,156,power_anisotropic,True,True,True,True,True,True,True
256,156,beta_skew,True,True,True,True,True,True,True
256,157,power_anisotropic,True,True,True,True,True,True,True
256,157,beta_skew,True,True,True,True,True,True,True
256,158,power_anisotropic,True,True,True,True,True,True,True
256,158,beta_skew,True,True,True,True,True,True,True
256,159,power_anisotropic,True,True,True,True,True,True,True
256,159,beta_skew,True,True,True,True,True,True,True
256,160,power_anisotropic,True,True,True,True,True,True,True
256,160,beta_skew,True,True,True,True,True,True,True
256,161,power_anisotropic,True,True,True,True,True,True,True
256,161,beta_skew,True,True,True,True,True,True,True
256,162,power_anisotropic,True,True,True,True,True,True,True
256,162,beta_skew,True,True,True,True,True,True,True
256,163,power_anisotropic,True,True,True,True,True,True,True
256,163,beta_skew,True,True,True,True,True,True,True
256,164,power_anisotropic,True,True,True,True,True,True,True
256,164,beta_skew,True,True,True,True,True,True,True
256,165,power_anisotropic,True,True,True,True,True,True,True
256,165,beta_skew,True,True,True,True,True,True,True
256,166,power_anisotropic,True,True,True,True,True,True,True
256,166,beta_skew,True,True,True,True,True,True,True
256,167,power_anisotropic,True,True,True,True,True,True,True
256,167,beta_skew,True,True,True,True,True,True,True
256,168,power_anisotropic,True,True,True,True,True,True,True
256,168,beta_skew,True,True,True,True,True,True,True
256,169,power_anisotropic,True,True,True,True,True,True,True
256,169,beta_skew,True,True,True,True,True,True,True
256,170,power_anisotropic,True,True,True,True,True,True,True
256,170,beta_skew,True,True,True,True,True,True,True
256,171,power_anisotropic,True,True,True,True,True,True,True
256,171,beta_skew,True,True,True,True,True,True,True
256,172,power_anisotropic,True,True,True,True,True,True,True
256,172,beta_skew,True,True,True,True,True,True,True
256,173,power_anisotropic,True,True,True,True,True,True,True
256,173,beta_skew,True,True,True,True,True,True,True
256,174,power_anisotropic,True,True,True,True,True,True,True
256,174,beta_skew,True,True,True,True,True,True,True
256,175,power_anisotropic,True,True,True,True,True,True,True
256,175,beta_skew,True,True,True,True,True,True,True
256,176,power_anisotropic,True,True,True,True,True,True,True
256,176,beta_skew,True,True,True,True,True,True,True
256,177,power_anisotropic,True,True,True,True,True,True,True
256,177,beta_skew,True,True,True,True,True,True,True
256,178,power_anisotropic,True,True,True,True,True,True,True
256,178,beta_skew,True,True,True,True,True,True,True
256,179,power_anisotropic,True,True,True,True,True,True,True
256,179,beta_skew,True,True,True,True,True,True,True
256,180,power_anisotropic,True,True,True,True,True,True,True
256,180,beta_skew,True,True,True,True,True,True,True
256,181,power_anisotropic,True,True,True,True,True,True,True
256,181,beta_skew,True,True,True,True,True,True,True
256,182,power_anisotropic,True,True,True,True,True,True,True
256,182,beta_skew,True,True,True,True,True,True,True
256,183,power_anisotropic,True,True,True,True,True,True,True
256,183,beta_skew,True,True,True,True,True,True,True
256,184,power_anisotropic,True,True,True,True,True,True,True
256,184,beta_skew,True,True,True,True,True,True,True
256,185,power_anisotropic,True,True,True,True,True,True,True
256,185,beta_skew,True,True,True,True,True,True,True
256,186,power_anisotropic,True,True,True,True,True,True,True
256,186,beta_skew,True,True,True,True,True,True,True
256,187,power_anisotropic,True,True,True,True,True,True,True
256,187,beta_skew,True,True,True,True,True,True,True
256,188,power_anisotropic,True,True,True,True,True,True,True
256,188,beta_skew,True,True,True,True,True,True,True
256,189,power_anisotropic,True,True,True,True,True,True,True
256,189,beta_skew,True,True,True,True,True,True,True
256,190,power_anisotropic,True,True,True,True,True,True,True
256,190,beta_skew,True,True,True,True,True,True,True
256,191,power_anisotropic,True,True,True,True,True,True,True
256,191,beta_skew,True,True,True,True,True,True,True
256,192,power_anisotropic,True,True,True,True,True,True,True
256,192,beta_skew,True,True,True,True,True,True,True
256,193,power_anisotropic,True,True,True,True,True,True,True
256,193,beta_skew,True,True,True,True,True,True,True
256,194,power_anisotropic,True,True,True,True,True,True,True
256,194,beta_skew,True,True,True,True,True,True,True
256,195,power_anisotropic,True,True,True,True,True,True,True
256,195,beta_skew,True,True,True,True,True,True,True
256,196,power_anisotropic,True,True,True,True,True,True,True
256,196,beta_skew,True,True,True,True,True,True,True
256,197,power_anisotropic,True,True,True,True,True,True,True
256,197,beta_skew,True,True,True,True,True,True,True
256,198,power_anisotropic,True,True,True,True,True,True,True
256,198,beta_skew,True,True,True,True,True,True,True
256,199,power_anisotropic,True,True,True,True,True,True,True
256,199,beta_skew,True,True,True,True,True,True,True
